path,scene_id,view_count,num_nodes,num_relations,num_candidate_nodes,multi_view_nodes,multi_view_ratio,mean_uncertainty,relation_density,proposal_feature_backends,variant,reference_view_count,is_reference_view,annotation_path,annotation_name,annotation_review_state,object_label_precision,object_label_recall,object_label_f1,relation_triplet_precision,relation_triplet_recall,relation_triplet_f1
results/benchmark_owlv2/tum_rgbd_freiburg1_room/views_03/scene_graph_labeled.json,tum_rgbd_freiburg1_room,3,28,550,30,2,0.071429,0.060454,0.727513,"clip,dinov2",graph-fusion,10,False,results/benchmark_owlv2/annotations/tum_rgbd_freiburg1_room_pseudo_from_10view/annotation_independent.json,tum_rgbd_freiburg1_room_independent_reference,independent,0.321429,0.473684,0.382979,0.0,0.0,0.0
results/benchmark_owlv2/tum_rgbd_freiburg1_room/views_05/scene_graph_labeled.json,tum_rgbd_freiburg1_room,5,35,754,44,6,0.171429,0.047905,0.633613,"clip,dinov2",graph-fusion,10,False,results/benchmark_owlv2/annotations/tum_rgbd_freiburg1_room_pseudo_from_10view/annotation_independent.json,tum_rgbd_freiburg1_room_independent_reference,independent,0.285714,0.526316,0.37037,0.0,0.0,0.0
results/benchmark_owlv2/tum_rgbd_freiburg1_room/views_08/scene_graph_labeled.json,tum_rgbd_freiburg1_room,8,40,928,70,12,0.3,0.046234,0.594872,"clip,dinov2",graph-fusion,10,False,results/benchmark_owlv2/annotations/tum_rgbd_freiburg1_room_pseudo_from_10view/annotation_independent.json,tum_rgbd_freiburg1_room_independent_reference,independent,0.25,0.526316,0.338983,0.0,0.0,0.0
results/benchmark_owlv2/tum_rgbd_freiburg1_room/views_10/scene_graph_labeled.json,tum_rgbd_freiburg1_room,10,46,1232,87,19,0.413043,0.045467,0.595169,"clip,dinov2",graph-fusion,10,True,results/benchmark_owlv2/annotations/tum_rgbd_freiburg1_room_pseudo_from_10view/annotation_independent.json,tum_rgbd_freiburg1_room_independent_reference,independent,0.217391,0.526316,0.307692,0.0,0.0,0.0
results/benchmark_owlv2/tum_rgbd_freiburg1_desk/views_03/scene_graph_labeled.json,tum_rgbd_freiburg1_desk,3,12,108,20,6,0.5,0.073024,0.818182,"clip,dinov2",graph-fusion,10,False,results/benchmark_owlv2/annotations/tum_rgbd_freiburg1_desk_pseudo_from_10view/annotation_independent.json,tum_rgbd_freiburg1_desk_independent_reference,independent,0.583333,0.333333,0.424242,0.0,0.0,0.0
results/benchmark_owlv2/tum_rgbd_freiburg1_desk/views_05/scene_graph_labeled.json,tum_rgbd_freiburg1_desk,5,16,128,39,6,0.375,0.066326,0.533333,"clip,dinov2",graph-fusion,10,False,results/benchmark_owlv2/annotations/tum_rgbd_freiburg1_desk_pseudo_from_10view/annotation_independent.json,tum_rgbd_freiburg1_desk_independent_reference,independent,0.5625,0.428571,0.486486,0.0,0.0,0.0
results/benchmark_owlv2/tum_rgbd_freiburg1_desk/views_08/scene_graph_labeled.json,tum_rgbd_freiburg1_desk,8,29,328,72,14,0.482759,0.053176,0.403941,"clip,dinov2",graph-fusion,10,False,results/benchmark_owlv2/annotations/tum_rgbd_freiburg1_desk_pseudo_from_10view/annotation_independent.json,tum_rgbd_freiburg1_desk_independent_reference,independent,0.448276,0.619048,0.52,0.0,0.0,0.0
results/benchmark_owlv2/tum_rgbd_freiburg1_desk/views_10/scene_graph_labeled.json,tum_rgbd_freiburg1_desk,10,34,442,94,17,0.5,0.055813,0.393939,"clip,dinov2",graph-fusion,10,True,results/benchmark_owlv2/annotations/tum_rgbd_freiburg1_desk_pseudo_from_10view/annotation_independent.json,tum_rgbd_freiburg1_desk_independent_reference,independent,0.382353,0.619048,0.472727,0.0,0.0,0.0
results/benchmark_owlv2/tum_rgbd_freiburg1_desk2/views_03/scene_graph_labeled.json,tum_rgbd_freiburg1_desk2,3,20,264,28,7,0.35,0.055521,0.694737,"clip,dinov2",graph-fusion,10,False,results/benchmark_owlv2/annotations/tum_rgbd_freiburg1_desk2_pseudo_from_10view/annotation_independent.json,tum_rgbd_freiburg1_desk2_independent_reference,independent,0.65,0.481481,0.553191,0.0,0.0,0.0
results/benchmark_owlv2/tum_rgbd_freiburg1_desk2/views_05/scene_graph_labeled.json,tum_rgbd_freiburg1_desk2,5,31,566,46,11,0.354839,0.055415,0.608602,"clip,dinov2",graph-fusion,10,False,results/benchmark_owlv2/annotations/tum_rgbd_freiburg1_desk2_pseudo_from_10view/annotation_independent.json,tum_rgbd_freiburg1_desk2_independent_reference,independent,0.451613,0.518519,0.482759,0.0,0.0,0.0
results/benchmark_owlv2/tum_rgbd_freiburg1_desk2/views_08/scene_graph_labeled.json,tum_rgbd_freiburg1_desk2,8,55,1002,77,13,0.236364,0.057829,0.337374,"clip,dinov2",graph-fusion,10,False,results/benchmark_owlv2/annotations/tum_rgbd_freiburg1_desk2_pseudo_from_10view/annotation_independent.json,tum_rgbd_freiburg1_desk2_independent_reference,independent,0.363636,0.740741,0.487805,0.0,0.0,0.0
results/benchmark_owlv2/tum_rgbd_freiburg1_desk2/views_10/scene_graph_labeled.json,tum_rgbd_freiburg1_desk2,10,65,1358,89,15,0.230769,0.057733,0.326442,"clip,dinov2",graph-fusion,10,True,results/benchmark_owlv2/annotations/tum_rgbd_freiburg1_desk2_pseudo_from_10view/annotation_independent.json,tum_rgbd_freiburg1_desk2_independent_reference,independent,0.323077,0.777778,0.456522,0.0,0.0,0.0
results/benchmark_owlv2/tum_rgbd_freiburg2_xyz/views_03/scene_graph_labeled.json,tum_rgbd_freiburg2_xyz,3,10,84,22,6,0.6,0.017568,0.933333,"clip,dinov2",graph-fusion,10,False,results/benchmark_owlv2/annotations/tum_rgbd_freiburg2_xyz_pseudo_from_10view/annotation_independent.json,tum_rgbd_freiburg2_xyz_independent_reference,independent,0.7,0.388889,0.5,0.0,0.0,0.0
results/benchmark_owlv2/tum_rgbd_freiburg2_xyz/views_05/scene_graph_labeled.json,tum_rgbd_freiburg2_xyz,5,9,66,36,9,1.0,0.012008,0.916667,"clip,dinov2",graph-fusion,10,False,results/benchmark_owlv2/annotations/tum_rgbd_freiburg2_xyz_pseudo_from_10view/annotation_independent.json,tum_rgbd_freiburg2_xyz_independent_reference,independent,0.777778,0.388889,0.518519,0.0,0.0,0.0
results/benchmark_owlv2/tum_rgbd_freiburg2_xyz/views_08/scene_graph_labeled.json,tum_rgbd_freiburg2_xyz,8,13,154,57,10,0.769231,0.014832,0.987179,"clip,dinov2",graph-fusion,10,False,results/benchmark_owlv2/annotations/tum_rgbd_freiburg2_xyz_pseudo_from_10view/annotation_independent.json,tum_rgbd_freiburg2_xyz_independent_reference,independent,0.538462,0.388889,0.451613,0.0,0.0,0.0
results/benchmark_owlv2/tum_rgbd_freiburg2_xyz/views_10/scene_graph_labeled.json,tum_rgbd_freiburg2_xyz,10,13,156,71,11,0.846154,0.008127,1.0,"clip,dinov2",graph-fusion,10,True,results/benchmark_owlv2/annotations/tum_rgbd_freiburg2_xyz_pseudo_from_10view/annotation_independent.json,tum_rgbd_freiburg2_xyz_independent_reference,independent,0.461538,0.333333,0.387097,0.0,0.0,0.0
results/benchmark_owlv2/tum_rgbd_freiburg3_long_office_household/views_03/scene_graph_labeled.json,tum_rgbd_freiburg3_long_office_household,3,22,378,57,16,0.727273,0.032054,0.818182,"clip,dinov2",graph-fusion,10,False,results/benchmark_owlv2/annotations/tum_rgbd_freiburg3_long_office_household_pseudo_from_10view/annotation_independent.json,tum_rgbd_freiburg3_long_office_household_independent_reference,independent,0.681818,0.652174,0.666667,0.0,0.0,0.0
results/benchmark_owlv2/tum_rgbd_freiburg3_long_office_household/views_05/scene_graph_labeled.json,tum_rgbd_freiburg3_long_office_household,5,19,240,99,14,0.736842,0.032145,0.701754,"clip,dinov2",graph-fusion,10,False,results/benchmark_owlv2/annotations/tum_rgbd_freiburg3_long_office_household_pseudo_from_10view/annotation_independent.json,tum_rgbd_freiburg3_long_office_household_independent_reference,independent,0.736842,0.608696,0.666667,0.0,0.0,0.0
results/benchmark_owlv2/tum_rgbd_freiburg3_long_office_household/views_08/scene_graph_labeled.json,tum_rgbd_freiburg3_long_office_household,8,26,234,167,18,0.692308,0.086744,0.36,"clip,dinov2",graph-fusion,10,False,results/benchmark_owlv2/annotations/tum_rgbd_freiburg3_long_office_household_pseudo_from_10view/annotation_independent.json,tum_rgbd_freiburg3_long_office_household_independent_reference,independent,0.615385,0.695652,0.653061,0.0,0.0,0.0
results/benchmark_owlv2/tum_rgbd_freiburg3_long_office_household/views_10/scene_graph_labeled.json,tum_rgbd_freiburg3_long_office_household,10,25,224,206,17,0.68,0.087697,0.373333,"clip,dinov2",graph-fusion,10,True,results/benchmark_owlv2/annotations/tum_rgbd_freiburg3_long_office_household_pseudo_from_10view/annotation_independent.json,tum_rgbd_freiburg3_long_office_household_independent_reference,independent,0.64,0.695652,0.666667,0.0,0.0,0.0
results/benchmark_owlv2/variants/graph-fusion-dedup/tum_rgbd_freiburg1_room/views_03/scene_graph_labeled.json,tum_rgbd_freiburg1_room,3,12,76,30,2,0.166667,0.040984,0.575758,"clip,dinov2",graph-fusion-dedup,10,False,results/benchmark_owlv2/annotations/tum_rgbd_freiburg1_room_pseudo_from_10view/annotation_independent.json,tum_rgbd_freiburg1_room_independent_reference,independent,0.75,0.473684,0.580645,0.0,0.0,0.0
results/benchmark_owlv2/variants/graph-fusion-dedup/tum_rgbd_freiburg1_room/views_05/scene_graph_labeled.json,tum_rgbd_freiburg1_room,5,18,152,44,2,0.111111,0.038777,0.496732,"clip,dinov2",graph-fusion-dedup,10,False,results/benchmark_owlv2/annotations/tum_rgbd_freiburg1_room_pseudo_from_10view/annotation_independent.json,tum_rgbd_freiburg1_room_independent_reference,independent,0.555556,0.526316,0.540541,0.0,0.0,0.0
results/benchmark_owlv2/variants/graph-fusion-dedup/tum_rgbd_freiburg1_room/views_08/scene_graph_labeled.json,tum_rgbd_freiburg1_room,8,20,216,70,6,0.3,0.033479,0.568421,"clip,dinov2",graph-fusion-dedup,10,False,results/benchmark_owlv2/annotations/tum_rgbd_freiburg1_room_pseudo_from_10view/annotation_independent.json,tum_rgbd_freiburg1_room_independent_reference,independent,0.5,0.526316,0.512821,0.0,0.0,0.0
results/benchmark_owlv2/variants/graph-fusion-dedup/tum_rgbd_freiburg1_room/views_10/scene_graph_labeled.json,tum_rgbd_freiburg1_room,10,23,298,87,8,0.347826,0.030336,0.588933,"clip,dinov2",graph-fusion-dedup,10,True,results/benchmark_owlv2/annotations/tum_rgbd_freiburg1_room_pseudo_from_10view/annotation_independent.json,tum_rgbd_freiburg1_room_independent_reference,independent,0.434783,0.526316,0.47619,0.0,0.0,0.0
results/benchmark_owlv2/variants/graph-fusion-dedup/tum_rgbd_freiburg1_desk/views_03/scene_graph_labeled.json,tum_rgbd_freiburg1_desk,3,6,22,20,3,0.5,0.049648,0.733333,"clip,dinov2",graph-fusion-dedup,10,False,results/benchmark_owlv2/annotations/tum_rgbd_freiburg1_desk_pseudo_from_10view/annotation_independent.json,tum_rgbd_freiburg1_desk_independent_reference,independent,1.0,0.285714,0.444444,0.0,0.0,0.0
results/benchmark_owlv2/variants/graph-fusion-dedup/tum_rgbd_freiburg1_desk/views_05/scene_graph_labeled.json,tum_rgbd_freiburg1_desk,5,9,30,39,2,0.222222,0.058921,0.416667,"clip,dinov2",graph-fusion-dedup,10,False,results/benchmark_owlv2/annotations/tum_rgbd_freiburg1_desk_pseudo_from_10view/annotation_independent.json,tum_rgbd_freiburg1_desk_independent_reference,independent,0.888889,0.380952,0.533333,0.0,0.0,0.0
results/benchmark_owlv2/variants/graph-fusion-dedup/tum_rgbd_freiburg1_desk/views_08/scene_graph_labeled.json,tum_rgbd_freiburg1_desk,8,18,102,72,8,0.444444,0.04223,0.333333,"clip,dinov2",graph-fusion-dedup,10,False,results/benchmark_owlv2/annotations/tum_rgbd_freiburg1_desk_pseudo_from_10view/annotation_independent.json,tum_rgbd_freiburg1_desk_independent_reference,independent,0.722222,0.619048,0.666667,0.0,0.0,0.0
results/benchmark_owlv2/variants/graph-fusion-dedup/tum_rgbd_freiburg1_desk/views_10/scene_graph_labeled.json,tum_rgbd_freiburg1_desk,10,19,104,94,10,0.526316,0.041976,0.304094,"clip,dinov2",graph-fusion-dedup,10,True,results/benchmark_owlv2/annotations/tum_rgbd_freiburg1_desk_pseudo_from_10view/annotation_independent.json,tum_rgbd_freiburg1_desk_independent_reference,independent,0.684211,0.619048,0.65,0.0,0.0,0.0
results/benchmark_owlv2/variants/graph-fusion-dedup/tum_rgbd_freiburg1_desk2/views_03/scene_graph_labeled.json,tum_rgbd_freiburg1_desk2,3,14,126,28,4,0.285714,0.05115,0.692308,"clip,dinov2",graph-fusion-dedup,10,False,results/benchmark_owlv2/annotations/tum_rgbd_freiburg1_desk2_pseudo_from_10view/annotation_independent.json,tum_rgbd_freiburg1_desk2_independent_reference,independent,0.857143,0.444444,0.585366,0.0,0.0,0.0
results/benchmark_owlv2/variants/graph-fusion-dedup/tum_rgbd_freiburg1_desk2/views_05/scene_graph_labeled.json,tum_rgbd_freiburg1_desk2,5,17,158,46,4,0.235294,0.050311,0.580882,"clip,dinov2",graph-fusion-dedup,10,False,results/benchmark_owlv2/annotations/tum_rgbd_freiburg1_desk2_pseudo_from_10view/annotation_independent.json,tum_rgbd_freiburg1_desk2_independent_reference,independent,0.823529,0.518519,0.636364,0.0,0.0,0.0
results/benchmark_owlv2/variants/graph-fusion-dedup/tum_rgbd_freiburg1_desk2/views_08/scene_graph_labeled.json,tum_rgbd_freiburg1_desk2,8,29,216,77,3,0.103448,0.058918,0.26601,"clip,dinov2",graph-fusion-dedup,10,False,results/benchmark_owlv2/annotations/tum_rgbd_freiburg1_desk2_pseudo_from_10view/annotation_independent.json,tum_rgbd_freiburg1_desk2_independent_reference,independent,0.689655,0.740741,0.714286,0.0,0.0,0.0
results/benchmark_owlv2/variants/graph-fusion-dedup/tum_rgbd_freiburg1_desk2/views_10/scene_graph_labeled.json,tum_rgbd_freiburg1_desk2,10,33,286,89,4,0.121212,0.059442,0.270833,"clip,dinov2",graph-fusion-dedup,10,True,results/benchmark_owlv2/annotations/tum_rgbd_freiburg1_desk2_pseudo_from_10view/annotation_independent.json,tum_rgbd_freiburg1_desk2_independent_reference,independent,0.606061,0.740741,0.666667,0.0,0.0,0.0
results/benchmark_owlv2/variants/graph-fusion-dedup/tum_rgbd_freiburg2_xyz/views_03/scene_graph_labeled.json,tum_rgbd_freiburg2_xyz,3,10,84,22,6,0.6,0.017568,0.933333,"clip,dinov2",graph-fusion-dedup,10,False,results/benchmark_owlv2/annotations/tum_rgbd_freiburg2_xyz_pseudo_from_10view/annotation_independent.json,tum_rgbd_freiburg2_xyz_independent_reference,independent,0.7,0.388889,0.5,0.0,0.0,0.0
results/benchmark_owlv2/variants/graph-fusion-dedup/tum_rgbd_freiburg2_xyz/views_05/scene_graph_labeled.json,tum_rgbd_freiburg2_xyz,5,9,66,36,9,1.0,0.012008,0.916667,"clip,dinov2",graph-fusion-dedup,10,False,results/benchmark_owlv2/annotations/tum_rgbd_freiburg2_xyz_pseudo_from_10view/annotation_independent.json,tum_rgbd_freiburg2_xyz_independent_reference,independent,0.777778,0.388889,0.518519,0.0,0.0,0.0
results/benchmark_owlv2/variants/graph-fusion-dedup/tum_rgbd_freiburg2_xyz/views_08/scene_graph_labeled.json,tum_rgbd_freiburg2_xyz,8,10,90,57,7,0.7,0.011465,1.0,"clip,dinov2",graph-fusion-dedup,10,False,results/benchmark_owlv2/annotations/tum_rgbd_freiburg2_xyz_pseudo_from_10view/annotation_independent.json,tum_rgbd_freiburg2_xyz_independent_reference,independent,0.7,0.388889,0.5,0.0,0.0,0.0
results/benchmark_owlv2/variants/graph-fusion-dedup/tum_rgbd_freiburg2_xyz/views_10/scene_graph_labeled.json,tum_rgbd_freiburg2_xyz,10,10,90,71,8,0.8,0.008859,1.0,"clip,dinov2",graph-fusion-dedup,10,True,results/benchmark_owlv2/annotations/tum_rgbd_freiburg2_xyz_pseudo_from_10view/annotation_independent.json,tum_rgbd_freiburg2_xyz_independent_reference,independent,0.6,0.333333,0.428571,0.0,0.0,0.0
results/benchmark_owlv2/variants/graph-fusion-dedup/tum_rgbd_freiburg3_long_office_household/views_03/scene_graph_labeled.json,tum_rgbd_freiburg3_long_office_household,3,18,238,57,12,0.666667,0.031161,0.777778,"clip,dinov2",graph-fusion-dedup,10,False,results/benchmark_owlv2/annotations/tum_rgbd_freiburg3_long_office_household_pseudo_from_10view/annotation_independent.json,tum_rgbd_freiburg3_long_office_household_independent_reference,independent,0.833333,0.652174,0.731707,0.0,0.0,0.0
results/benchmark_owlv2/variants/graph-fusion-dedup/tum_rgbd_freiburg3_long_office_household/views_05/scene_graph_labeled.json,tum_rgbd_freiburg3_long_office_household,5,16,166,99,10,0.625,0.026788,0.691667,"clip,dinov2",graph-fusion-dedup,10,False,results/benchmark_owlv2/annotations/tum_rgbd_freiburg3_long_office_household_pseudo_from_10view/annotation_independent.json,tum_rgbd_freiburg3_long_office_household_independent_reference,independent,0.875,0.608696,0.717949,0.0,0.0,0.0
results/benchmark_owlv2/variants/graph-fusion-dedup/tum_rgbd_freiburg3_long_office_household/views_08/scene_graph_labeled.json,tum_rgbd_freiburg3_long_office_household,8,18,170,167,14,0.777778,0.053675,0.555556,"clip,dinov2",graph-fusion-dedup,10,False,results/benchmark_owlv2/annotations/tum_rgbd_freiburg3_long_office_household_pseudo_from_10view/annotation_independent.json,tum_rgbd_freiburg3_long_office_household_independent_reference,independent,0.888889,0.695652,0.780488,0.0,0.0,0.0
results/benchmark_owlv2/variants/graph-fusion-dedup/tum_rgbd_freiburg3_long_office_household/views_10/scene_graph_labeled.json,tum_rgbd_freiburg3_long_office_household,10,18,166,206,14,0.777778,0.054986,0.542484,"clip,dinov2",graph-fusion-dedup,10,True,results/benchmark_owlv2/annotations/tum_rgbd_freiburg3_long_office_household_pseudo_from_10view/annotation_independent.json,tum_rgbd_freiburg3_long_office_household_independent_reference,independent,0.888889,0.695652,0.780488,0.0,0.0,0.0
results/benchmark_owlv2/variants/proposed/tum_rgbd_freiburg1_room/views_03/scene_graph_labeled.json,tum_rgbd_freiburg1_room,3,28,550,30,2,0.071429,0.060454,0.727513,"clip,dinov2",proposed,10,False,results/benchmark_owlv2/annotations/tum_rgbd_freiburg1_room_pseudo_from_10view/annotation_independent.json,tum_rgbd_freiburg1_room_independent_reference,independent,0.321429,0.473684,0.382979,0.0,0.0,0.0
results/benchmark_owlv2/variants/proposed/tum_rgbd_freiburg1_room/views_05/scene_graph_labeled.json,tum_rgbd_freiburg1_room,5,38,930,44,5,0.131579,0.054705,0.661451,"clip,dinov2",proposed,10,False,results/benchmark_owlv2/annotations/tum_rgbd_freiburg1_room_pseudo_from_10view/annotation_independent.json,tum_rgbd_freiburg1_room_independent_reference,independent,0.263158,0.526316,0.350877,0.0,0.0,0.0
results/benchmark_owlv2/variants/proposed/tum_rgbd_freiburg1_room/views_08/scene_graph_labeled.json,tum_rgbd_freiburg1_room,8,47,1342,70,11,0.234043,0.055172,0.620722,"clip,dinov2",proposed,10,False,results/benchmark_owlv2/annotations/tum_rgbd_freiburg1_room_pseudo_from_10view/annotation_independent.json,tum_rgbd_freiburg1_room_independent_reference,independent,0.212766,0.526316,0.30303,0.0,0.0,0.0
results/benchmark_owlv2/variants/proposed/tum_rgbd_freiburg1_room/views_10/scene_graph_labeled.json,tum_rgbd_freiburg1_room,10,55,1792,87,16,0.290909,0.056258,0.603367,"clip,dinov2",proposed,10,True,results/benchmark_owlv2/annotations/tum_rgbd_freiburg1_room_pseudo_from_10view/annotation_independent.json,tum_rgbd_freiburg1_room_independent_reference,independent,0.181818,0.526316,0.27027,0.0,0.0,0.0
results/benchmark_owlv2/variants/proposed/tum_rgbd_freiburg1_desk/views_03/scene_graph_labeled.json,tum_rgbd_freiburg1_desk,3,15,168,20,3,0.2,0.080664,0.8,"clip,dinov2",proposed,10,False,results/benchmark_owlv2/annotations/tum_rgbd_freiburg1_desk_pseudo_from_10view/annotation_independent.json,tum_rgbd_freiburg1_desk_independent_reference,independent,0.533333,0.380952,0.444444,0.0,0.0,0.0
results/benchmark_owlv2/variants/proposed/tum_rgbd_freiburg1_desk/views_05/scene_graph_labeled.json,tum_rgbd_freiburg1_desk,5,24,334,39,8,0.333333,0.073421,0.605072,"clip,dinov2",proposed,10,False,results/benchmark_owlv2/annotations/tum_rgbd_freiburg1_desk_pseudo_from_10view/annotation_independent.json,tum_rgbd_freiburg1_desk_independent_reference,independent,0.416667,0.47619,0.444444,0.0,0.0,0.0
results/benchmark_owlv2/variants/proposed/tum_rgbd_freiburg1_desk/views_08/scene_graph_labeled.json,tum_rgbd_freiburg1_desk,8,41,790,72,14,0.341463,0.06697,0.481707,"clip,dinov2",proposed,10,False,results/benchmark_owlv2/annotations/tum_rgbd_freiburg1_desk_pseudo_from_10view/annotation_independent.json,tum_rgbd_freiburg1_desk_independent_reference,independent,0.341463,0.666667,0.451613,0.0,0.0,0.0
results/benchmark_owlv2/variants/proposed/tum_rgbd_freiburg1_desk/views_10/scene_graph_labeled.json,tum_rgbd_freiburg1_desk,10,48,1042,94,16,0.333333,0.071535,0.461879,"clip,dinov2",proposed,10,True,results/benchmark_owlv2/annotations/tum_rgbd_freiburg1_desk_pseudo_from_10view/annotation_independent.json,tum_rgbd_freiburg1_desk_independent_reference,independent,0.291667,0.666667,0.405797,0.0,0.0,0.0
results/benchmark_owlv2/variants/proposed/tum_rgbd_freiburg1_desk2/views_03/scene_graph_labeled.json,tum_rgbd_freiburg1_desk2,3,21,304,28,6,0.285714,0.064964,0.72381,"clip,dinov2",proposed,10,False,results/benchmark_owlv2/annotations/tum_rgbd_freiburg1_desk2_pseudo_from_10view/annotation_independent.json,tum_rgbd_freiburg1_desk2_independent_reference,independent,0.619048,0.481481,0.541667,0.0,0.0,0.0
results/benchmark_owlv2/variants/proposed/tum_rgbd_freiburg1_desk2/views_05/scene_graph_labeled.json,tum_rgbd_freiburg1_desk2,5,36,826,46,8,0.222222,0.074455,0.655556,"clip,dinov2",proposed,10,False,results/benchmark_owlv2/annotations/tum_rgbd_freiburg1_desk2_pseudo_from_10view/annotation_independent.json,tum_rgbd_freiburg1_desk2_independent_reference,independent,0.388889,0.518519,0.444444,0.0,0.0,0.0
results/benchmark_owlv2/variants/proposed/tum_rgbd_freiburg1_desk2/views_08/scene_graph_labeled.json,tum_rgbd_freiburg1_desk2,8,63,1458,77,10,0.15873,0.069651,0.373272,"clip,dinov2",proposed,10,False,results/benchmark_owlv2/annotations/tum_rgbd_freiburg1_desk2_pseudo_from_10view/annotation_independent.json,tum_rgbd_freiburg1_desk2_independent_reference,independent,0.31746,0.740741,0.444444,0.0,0.0,0.0
results/benchmark_owlv2/variants/proposed/tum_rgbd_freiburg1_desk2/views_10/scene_graph_labeled.json,tum_rgbd_freiburg1_desk2,10,73,1836,89,12,0.164384,0.068219,0.349315,"clip,dinov2",proposed,10,True,results/benchmark_owlv2/annotations/tum_rgbd_freiburg1_desk2_pseudo_from_10view/annotation_independent.json,tum_rgbd_freiburg1_desk2_independent_reference,independent,0.287671,0.777778,0.42,0.0,0.0,0.0
results/benchmark_owlv2/variants/proposed/tum_rgbd_freiburg2_xyz/views_03/scene_graph_labeled.json,tum_rgbd_freiburg2_xyz,3,12,126,22,5,0.416667,0.033791,0.954545,"clip,dinov2",proposed,10,False,results/benchmark_owlv2/annotations/tum_rgbd_freiburg2_xyz_pseudo_from_10view/annotation_independent.json,tum_rgbd_freiburg2_xyz_independent_reference,independent,0.583333,0.388889,0.466667,0.0,0.0,0.0
results/benchmark_owlv2/variants/proposed/tum_rgbd_freiburg2_xyz/views_05/scene_graph_labeled.json,tum_rgbd_freiburg2_xyz,5,15,198,36,7,0.466667,0.042766,0.942857,"clip,dinov2",proposed,10,False,results/benchmark_owlv2/annotations/tum_rgbd_freiburg2_xyz_pseudo_from_10view/annotation_independent.json,tum_rgbd_freiburg2_xyz_independent_reference,independent,0.533333,0.444444,0.484848,0.0,0.0,0.0
results/benchmark_owlv2/variants/proposed/tum_rgbd_freiburg2_xyz/views_08/scene_graph_labeled.json,tum_rgbd_freiburg2_xyz,8,21,418,57,9,0.428571,0.037547,0.995238,"clip,dinov2",proposed,10,False,results/benchmark_owlv2/annotations/tum_rgbd_freiburg2_xyz_pseudo_from_10view/annotation_independent.json,tum_rgbd_freiburg2_xyz_independent_reference,independent,0.380952,0.444444,0.410256,0.0,0.0,0.0
results/benchmark_owlv2/variants/proposed/tum_rgbd_freiburg2_xyz/views_10/scene_graph_labeled.json,tum_rgbd_freiburg2_xyz,10,24,552,71,10,0.416667,0.035233,1.0,"clip,dinov2",proposed,10,True,results/benchmark_owlv2/annotations/tum_rgbd_freiburg2_xyz_pseudo_from_10view/annotation_independent.json,tum_rgbd_freiburg2_xyz_independent_reference,independent,0.291667,0.388889,0.333333,0.0,0.0,0.0
results/benchmark_owlv2/variants/proposed/tum_rgbd_freiburg3_long_office_household/views_03/scene_graph_labeled.json,tum_rgbd_freiburg3_long_office_household,3,25,504,57,14,0.56,0.051711,0.84,"clip,dinov2",proposed,10,False,results/benchmark_owlv2/annotations/tum_rgbd_freiburg3_long_office_household_pseudo_from_10view/annotation_independent.json,tum_rgbd_freiburg3_long_office_household_independent_reference,independent,0.6,0.652174,0.625,0.0,0.0,0.0
results/benchmark_owlv2/variants/proposed/tum_rgbd_freiburg3_long_office_household/views_05/scene_graph_labeled.json,tum_rgbd_freiburg3_long_office_household,5,29,648,99,15,0.517241,0.06285,0.79803,"clip,dinov2",proposed,10,False,results/benchmark_owlv2/annotations/tum_rgbd_freiburg3_long_office_household_pseudo_from_10view/annotation_independent.json,tum_rgbd_freiburg3_long_office_household_independent_reference,independent,0.586207,0.73913,0.653846,0.0,0.0,0.0
results/benchmark_owlv2/variants/proposed/tum_rgbd_freiburg3_long_office_household/views_08/scene_graph_labeled.json,tum_rgbd_freiburg3_long_office_household,8,42,706,167,16,0.380952,0.107455,0.409988,"clip,dinov2",proposed,10,False,results/benchmark_owlv2/annotations/tum_rgbd_freiburg3_long_office_household_pseudo_from_10view/annotation_independent.json,tum_rgbd_freiburg3_long_office_household_independent_reference,independent,0.428571,0.782609,0.553846,0.0,0.0,0.0
results/benchmark_owlv2/variants/proposed/tum_rgbd_freiburg3_long_office_household/views_10/scene_graph_labeled.json,tum_rgbd_freiburg3_long_office_household,10,45,858,206,15,0.333333,0.111101,0.433333,"clip,dinov2",proposed,10,True,results/benchmark_owlv2/annotations/tum_rgbd_freiburg3_long_office_household_pseudo_from_10view/annotation_independent.json,tum_rgbd_freiburg3_long_office_household_independent_reference,independent,0.422222,0.826087,0.558824,0.0,0.0,0.0
results/benchmark_owlv2/variants/fixed-shrink/tum_rgbd_freiburg1_room/views_03/scene_graph_labeled.json,tum_rgbd_freiburg1_room,3,28,550,30,2,0.071429,0.060454,0.727513,"clip,dinov2",fixed-shrink,10,False,results/benchmark_owlv2/annotations/tum_rgbd_freiburg1_room_pseudo_from_10view/annotation_independent.json,tum_rgbd_freiburg1_room_independent_reference,independent,0.321429,0.473684,0.382979,0.0,0.0,0.0
results/benchmark_owlv2/variants/fixed-shrink/tum_rgbd_freiburg1_room/views_05/scene_graph_labeled.json,tum_rgbd_freiburg1_room,5,37,866,44,6,0.162162,0.051477,0.65015,"clip,dinov2",fixed-shrink,10,False,results/benchmark_owlv2/annotations/tum_rgbd_freiburg1_room_pseudo_from_10view/annotation_independent.json,tum_rgbd_freiburg1_room_independent_reference,independent,0.27027,0.526316,0.357143,0.0,0.0,0.0
results/benchmark_owlv2/variants/fixed-shrink/tum_rgbd_freiburg1_room/views_08/scene_graph_labeled.json,tum_rgbd_freiburg1_room,8,43,1118,70,13,0.302326,0.049392,0.619048,"clip,dinov2",fixed-shrink,10,False,results/benchmark_owlv2/annotations/tum_rgbd_freiburg1_room_pseudo_from_10view/annotation_independent.json,tum_rgbd_freiburg1_room_independent_reference,independent,0.232558,0.526316,0.322581,0.0,0.0,0.0
results/benchmark_owlv2/variants/fixed-shrink/tum_rgbd_freiburg1_room/views_10/scene_graph_labeled.json,tum_rgbd_freiburg1_room,10,49,1448,87,20,0.408163,0.047847,0.615646,"clip,dinov2",fixed-shrink,10,True,results/benchmark_owlv2/annotations/tum_rgbd_freiburg1_room_pseudo_from_10view/annotation_independent.json,tum_rgbd_freiburg1_room_independent_reference,independent,0.204082,0.526316,0.294118,0.0,0.0,0.0
results/benchmark_owlv2/variants/fixed-shrink/tum_rgbd_freiburg1_desk/views_03/scene_graph_labeled.json,tum_rgbd_freiburg1_desk,3,15,168,20,3,0.2,0.080664,0.8,"clip,dinov2",fixed-shrink,10,False,results/benchmark_owlv2/annotations/tum_rgbd_freiburg1_desk_pseudo_from_10view/annotation_independent.json,tum_rgbd_freiburg1_desk_independent_reference,independent,0.533333,0.380952,0.444444,0.0,0.0,0.0
results/benchmark_owlv2/variants/fixed-shrink/tum_rgbd_freiburg1_desk/views_05/scene_graph_labeled.json,tum_rgbd_freiburg1_desk,5,21,238,39,6,0.285714,0.080982,0.566667,"clip,dinov2",fixed-shrink,10,False,results/benchmark_owlv2/annotations/tum_rgbd_freiburg1_desk_pseudo_from_10view/annotation_independent.json,tum_rgbd_freiburg1_desk_independent_reference,independent,0.428571,0.428571,0.428571,0.0,0.0,0.0
results/benchmark_owlv2/variants/fixed-shrink/tum_rgbd_freiburg1_desk/views_08/scene_graph_labeled.json,tum_rgbd_freiburg1_desk,8,37,578,72,12,0.324324,0.06918,0.433934,"clip,dinov2",fixed-shrink,10,False,results/benchmark_owlv2/annotations/tum_rgbd_freiburg1_desk_pseudo_from_10view/annotation_independent.json,tum_rgbd_freiburg1_desk_independent_reference,independent,0.351351,0.619048,0.448276,0.0,0.0,0.0
results/benchmark_owlv2/variants/fixed-shrink/tum_rgbd_freiburg1_desk/views_10/scene_graph_labeled.json,tum_rgbd_freiburg1_desk,10,42,708,94,15,0.357143,0.066723,0.41115,"clip,dinov2",fixed-shrink,10,True,results/benchmark_owlv2/annotations/tum_rgbd_freiburg1_desk_pseudo_from_10view/annotation_independent.json,tum_rgbd_freiburg1_desk_independent_reference,independent,0.309524,0.619048,0.412698,0.0,0.0,0.0
results/benchmark_owlv2/variants/fixed-shrink/tum_rgbd_freiburg1_desk2/views_03/scene_graph_labeled.json,tum_rgbd_freiburg1_desk2,3,20,264,28,7,0.35,0.055521,0.694737,"clip,dinov2",fixed-shrink,10,False,results/benchmark_owlv2/annotations/tum_rgbd_freiburg1_desk2_pseudo_from_10view/annotation_independent.json,tum_rgbd_freiburg1_desk2_independent_reference,independent,0.65,0.481481,0.553191,0.0,0.0,0.0
results/benchmark_owlv2/variants/fixed-shrink/tum_rgbd_freiburg1_desk2/views_05/scene_graph_labeled.json,tum_rgbd_freiburg1_desk2,5,33,664,46,10,0.30303,0.064958,0.628788,"clip,dinov2",fixed-shrink,10,False,results/benchmark_owlv2/annotations/tum_rgbd_freiburg1_desk2_pseudo_from_10view/annotation_independent.json,tum_rgbd_freiburg1_desk2_independent_reference,independent,0.424242,0.518519,0.466667,0.0,0.0,0.0
results/benchmark_owlv2/variants/fixed-shrink/tum_rgbd_freiburg1_desk2/views_08/scene_graph_labeled.json,tum_rgbd_freiburg1_desk2,8,59,1214,77,13,0.220339,0.061637,0.354763,"clip,dinov2",fixed-shrink,10,False,results/benchmark_owlv2/annotations/tum_rgbd_freiburg1_desk2_pseudo_from_10view/annotation_independent.json,tum_rgbd_freiburg1_desk2_independent_reference,independent,0.338983,0.740741,0.465116,0.0,0.0,0.0
results/benchmark_owlv2/variants/fixed-shrink/tum_rgbd_freiburg1_desk2/views_10/scene_graph_labeled.json,tum_rgbd_freiburg1_desk2,10,69,1586,89,15,0.217391,0.061107,0.338022,"clip,dinov2",fixed-shrink,10,True,results/benchmark_owlv2/annotations/tum_rgbd_freiburg1_desk2_pseudo_from_10view/annotation_independent.json,tum_rgbd_freiburg1_desk2_independent_reference,independent,0.304348,0.777778,0.4375,0.0,0.0,0.0
results/benchmark_owlv2/variants/fixed-shrink/tum_rgbd_freiburg2_xyz/views_03/scene_graph_labeled.json,tum_rgbd_freiburg2_xyz,3,10,84,22,6,0.6,0.017568,0.933333,"clip,dinov2",fixed-shrink,10,False,results/benchmark_owlv2/annotations/tum_rgbd_freiburg2_xyz_pseudo_from_10view/annotation_independent.json,tum_rgbd_freiburg2_xyz_independent_reference,independent,0.7,0.388889,0.5,0.0,0.0,0.0
results/benchmark_owlv2/variants/fixed-shrink/tum_rgbd_freiburg2_xyz/views_05/scene_graph_labeled.json,tum_rgbd_freiburg2_xyz,5,10,82,36,9,0.9,0.015318,0.911111,"clip,dinov2",fixed-shrink,10,False,results/benchmark_owlv2/annotations/tum_rgbd_freiburg2_xyz_pseudo_from_10view/annotation_independent.json,tum_rgbd_freiburg2_xyz_independent_reference,independent,0.7,0.388889,0.5,0.0,0.0,0.0
results/benchmark_owlv2/variants/fixed-shrink/tum_rgbd_freiburg2_xyz/views_08/scene_graph_labeled.json,tum_rgbd_freiburg2_xyz,8,13,154,57,10,0.769231,0.014832,0.987179,"clip,dinov2",fixed-shrink,10,False,results/benchmark_owlv2/annotations/tum_rgbd_freiburg2_xyz_pseudo_from_10view/annotation_independent.json,tum_rgbd_freiburg2_xyz_independent_reference,independent,0.538462,0.388889,0.451613,0.0,0.0,0.0
results/benchmark_owlv2/variants/fixed-shrink/tum_rgbd_freiburg2_xyz/views_10/scene_graph_labeled.json,tum_rgbd_freiburg2_xyz,10,14,182,71,11,0.785714,0.011997,1.0,"clip,dinov2",fixed-shrink,10,True,results/benchmark_owlv2/annotations/tum_rgbd_freiburg2_xyz_pseudo_from_10view/annotation_independent.json,tum_rgbd_freiburg2_xyz_independent_reference,independent,0.428571,0.333333,0.375,0.0,0.0,0.0
results/benchmark_owlv2/variants/fixed-shrink/tum_rgbd_freiburg3_long_office_household/views_03/scene_graph_labeled.json,tum_rgbd_freiburg3_long_office_household,3,22,378,57,16,0.727273,0.032054,0.818182,"clip,dinov2",fixed-shrink,10,False,results/benchmark_owlv2/annotations/tum_rgbd_freiburg3_long_office_household_pseudo_from_10view/annotation_independent.json,tum_rgbd_freiburg3_long_office_household_independent_reference,independent,0.681818,0.652174,0.666667,0.0,0.0,0.0
results/benchmark_owlv2/variants/fixed-shrink/tum_rgbd_freiburg3_long_office_household/views_05/scene_graph_labeled.json,tum_rgbd_freiburg3_long_office_household,5,21,306,99,15,0.714286,0.035966,0.728571,"clip,dinov2",fixed-shrink,10,False,results/benchmark_owlv2/annotations/tum_rgbd_freiburg3_long_office_household_pseudo_from_10view/annotation_independent.json,tum_rgbd_freiburg3_long_office_household_independent_reference,independent,0.714286,0.652174,0.681818,0.0,0.0,0.0
results/benchmark_owlv2/variants/fixed-shrink/tum_rgbd_freiburg3_long_office_household/views_08/scene_graph_labeled.json,tum_rgbd_freiburg3_long_office_household,8,29,306,167,18,0.62069,0.086868,0.376847,"clip,dinov2",fixed-shrink,10,False,results/benchmark_owlv2/annotations/tum_rgbd_freiburg3_long_office_household_pseudo_from_10view/annotation_independent.json,tum_rgbd_freiburg3_long_office_household_independent_reference,independent,0.586207,0.73913,0.653846,0.0,0.0,0.0
results/benchmark_owlv2/variants/fixed-shrink/tum_rgbd_freiburg3_long_office_household/views_10/scene_graph_labeled.json,tum_rgbd_freiburg3_long_office_household,10,33,402,206,18,0.545455,0.10321,0.380682,"clip,dinov2",fixed-shrink,10,True,results/benchmark_owlv2/annotations/tum_rgbd_freiburg3_long_office_household_pseudo_from_10view/annotation_independent.json,tum_rgbd_freiburg3_long_office_household_independent_reference,independent,0.515152,0.73913,0.607143,0.0,0.0,0.0
results/benchmark_owlv2/variants/2d-only/tum_rgbd_freiburg1_room/views_03/scene_graph_labeled.json,tum_rgbd_freiburg1_room,3,24,404,30,4,0.166667,0.054178,0.731884,"clip,dinov2",2d-only,10,False,results/benchmark_owlv2/annotations/tum_rgbd_freiburg1_room_pseudo_from_10view/annotation_independent.json,tum_rgbd_freiburg1_room_independent_reference,independent,0.333333,0.421053,0.372093,0.0,0.0,0.0
results/benchmark_owlv2/variants/2d-only/tum_rgbd_freiburg1_room/views_05/scene_graph_labeled.json,tum_rgbd_freiburg1_room,5,32,640,44,8,0.25,0.044309,0.645161,"clip,dinov2",2d-only,10,False,results/benchmark_owlv2/annotations/tum_rgbd_freiburg1_room_pseudo_from_10view/annotation_independent.json,tum_rgbd_freiburg1_room_independent_reference,independent,0.3125,0.526316,0.392157,0.0,0.0,0.0
results/benchmark_owlv2/variants/2d-only/tum_rgbd_freiburg1_room/views_08/scene_graph_labeled.json,tum_rgbd_freiburg1_room,8,35,738,70,15,0.428571,0.043657,0.620168,"clip,dinov2",2d-only,10,False,results/benchmark_owlv2/annotations/tum_rgbd_freiburg1_room_pseudo_from_10view/annotation_independent.json,tum_rgbd_freiburg1_room_independent_reference,independent,0.285714,0.526316,0.37037,0.0,0.0,0.0
results/benchmark_owlv2/variants/2d-only/tum_rgbd_freiburg1_room/views_10/scene_graph_labeled.json,tum_rgbd_freiburg1_room,10,31,618,87,17,0.548387,0.038382,0.664516,"clip,dinov2",2d-only,10,True,results/benchmark_owlv2/annotations/tum_rgbd_freiburg1_room_pseudo_from_10view/annotation_independent.json,tum_rgbd_freiburg1_room_independent_reference,independent,0.322581,0.526316,0.4,0.0,0.0,0.0
results/benchmark_owlv2/variants/2d-only/tum_rgbd_freiburg1_desk/views_03/scene_graph_labeled.json,tum_rgbd_freiburg1_desk,3,6,30,20,5,0.833333,0.024409,1.0,"clip,dinov2",2d-only,10,False,results/benchmark_owlv2/annotations/tum_rgbd_freiburg1_desk_pseudo_from_10view/annotation_independent.json,tum_rgbd_freiburg1_desk_independent_reference,independent,0.833333,0.238095,0.37037,0.0,0.0,0.0
results/benchmark_owlv2/variants/2d-only/tum_rgbd_freiburg1_desk/views_05/scene_graph_labeled.json,tum_rgbd_freiburg1_desk,5,8,28,39,3,0.375,0.046217,0.5,"clip,dinov2",2d-only,10,False,results/benchmark_owlv2/annotations/tum_rgbd_freiburg1_desk_pseudo_from_10view/annotation_independent.json,tum_rgbd_freiburg1_desk_independent_reference,independent,0.875,0.333333,0.482759,0.0,0.0,0.0
results/benchmark_owlv2/variants/2d-only/tum_rgbd_freiburg1_desk/views_08/scene_graph_labeled.json,tum_rgbd_freiburg1_desk,8,19,160,72,9,0.473684,0.040198,0.467836,"clip,dinov2",2d-only,10,False,results/benchmark_owlv2/annotations/tum_rgbd_freiburg1_desk_pseudo_from_10view/annotation_independent.json,tum_rgbd_freiburg1_desk_independent_reference,independent,0.631579,0.571429,0.6,0.0,0.0,0.0
results/benchmark_owlv2/variants/2d-only/tum_rgbd_freiburg1_desk/views_10/scene_graph_labeled.json,tum_rgbd_freiburg1_desk,10,23,224,94,12,0.521739,0.040974,0.442688,"clip,dinov2",2d-only,10,True,results/benchmark_owlv2/annotations/tum_rgbd_freiburg1_desk_pseudo_from_10view/annotation_independent.json,tum_rgbd_freiburg1_desk_independent_reference,independent,0.565217,0.619048,0.590909,0.0,0.0,0.0
results/benchmark_owlv2/variants/2d-only/tum_rgbd_freiburg1_desk2/views_03/scene_graph_labeled.json,tum_rgbd_freiburg1_desk2,3,16,170,28,7,0.4375,0.047274,0.708333,"clip,dinov2",2d-only,10,False,results/benchmark_owlv2/annotations/tum_rgbd_freiburg1_desk2_pseudo_from_10view/annotation_independent.json,tum_rgbd_freiburg1_desk2_independent_reference,independent,0.8125,0.481481,0.604651,0.0,0.0,0.0
results/benchmark_owlv2/variants/2d-only/tum_rgbd_freiburg1_desk2/views_05/scene_graph_labeled.json,tum_rgbd_freiburg1_desk2,5,24,326,46,10,0.416667,0.044706,0.59058,"clip,dinov2",2d-only,10,False,results/benchmark_owlv2/annotations/tum_rgbd_freiburg1_desk2_pseudo_from_10view/annotation_independent.json,tum_rgbd_freiburg1_desk2_independent_reference,independent,0.583333,0.518519,0.54902,0.0,0.0,0.0
results/benchmark_owlv2/variants/2d-only/tum_rgbd_freiburg1_desk2/views_08/scene_graph_labeled.json,tum_rgbd_freiburg1_desk2,8,41,548,77,13,0.317073,0.053122,0.334146,"clip,dinov2",2d-only,10,False,results/benchmark_owlv2/annotations/tum_rgbd_freiburg1_desk2_pseudo_from_10view/annotation_independent.json,tum_rgbd_freiburg1_desk2_independent_reference,independent,0.463415,0.703704,0.558824,0.0,0.0,0.0
results/benchmark_owlv2/variants/2d-only/tum_rgbd_freiburg1_desk2/views_10/scene_graph_labeled.json,tum_rgbd_freiburg1_desk2,10,49,784,89,15,0.306122,0.049408,0.333333,"clip,dinov2",2d-only,10,True,results/benchmark_owlv2/annotations/tum_rgbd_freiburg1_desk2_pseudo_from_10view/annotation_independent.json,tum_rgbd_freiburg1_desk2_independent_reference,independent,0.428571,0.777778,0.552632,0.0,0.0,0.0
results/benchmark_owlv2/variants/2d-only/tum_rgbd_freiburg2_xyz/views_03/scene_graph_labeled.json,tum_rgbd_freiburg2_xyz,3,10,84,22,6,0.6,0.017568,0.933333,"clip,dinov2",2d-only,10,False,results/benchmark_owlv2/annotations/tum_rgbd_freiburg2_xyz_pseudo_from_10view/annotation_independent.json,tum_rgbd_freiburg2_xyz_independent_reference,independent,0.7,0.388889,0.5,0.0,0.0,0.0
results/benchmark_owlv2/variants/2d-only/tum_rgbd_freiburg2_xyz/views_05/scene_graph_labeled.json,tum_rgbd_freiburg2_xyz,5,9,66,36,9,1.0,0.012008,0.916667,"clip,dinov2",2d-only,10,False,results/benchmark_owlv2/annotations/tum_rgbd_freiburg2_xyz_pseudo_from_10view/annotation_independent.json,tum_rgbd_freiburg2_xyz_independent_reference,independent,0.777778,0.388889,0.518519,0.0,0.0,0.0
results/benchmark_owlv2/variants/2d-only/tum_rgbd_freiburg2_xyz/views_08/scene_graph_labeled.json,tum_rgbd_freiburg2_xyz,8,12,130,57,10,0.833333,0.009553,0.984848,"clip,dinov2",2d-only,10,False,results/benchmark_owlv2/annotations/tum_rgbd_freiburg2_xyz_pseudo_from_10view/annotation_independent.json,tum_rgbd_freiburg2_xyz_independent_reference,independent,0.583333,0.388889,0.466667,0.0,0.0,0.0
results/benchmark_owlv2/variants/2d-only/tum_rgbd_freiburg2_xyz/views_10/scene_graph_labeled.json,tum_rgbd_freiburg2_xyz,10,13,156,71,11,0.846154,0.008127,1.0,"clip,dinov2",2d-only,10,True,results/benchmark_owlv2/annotations/tum_rgbd_freiburg2_xyz_pseudo_from_10view/annotation_independent.json,tum_rgbd_freiburg2_xyz_independent_reference,independent,0.461538,0.333333,0.387097,0.0,0.0,0.0
results/benchmark_owlv2/variants/2d-only/tum_rgbd_freiburg3_long_office_household/views_03/scene_graph_labeled.json,tum_rgbd_freiburg3_long_office_household,3,13,132,57,10,0.769231,0.031296,0.846154,"clip,dinov2",2d-only,10,False,results/benchmark_owlv2/annotations/tum_rgbd_freiburg3_long_office_household_pseudo_from_10view/annotation_independent.json,tum_rgbd_freiburg3_long_office_household_independent_reference,independent,0.769231,0.434783,0.555556,0.0,0.0,0.0
results/benchmark_owlv2/variants/2d-only/tum_rgbd_freiburg3_long_office_household/views_05/scene_graph_labeled.json,tum_rgbd_freiburg3_long_office_household,5,11,90,99,8,0.727273,0.040239,0.818182,"clip,dinov2",2d-only,10,False,results/benchmark_owlv2/annotations/tum_rgbd_freiburg3_long_office_household_pseudo_from_10view/annotation_independent.json,tum_rgbd_freiburg3_long_office_household_independent_reference,independent,0.818182,0.391304,0.529412,0.0,0.0,0.0
results/benchmark_owlv2/variants/2d-only/tum_rgbd_freiburg3_long_office_household/views_08/scene_graph_labeled.json,tum_rgbd_freiburg3_long_office_household,8,9,50,167,8,0.888889,0.053731,0.694444,"clip,dinov2",2d-only,10,False,results/benchmark_owlv2/annotations/tum_rgbd_freiburg3_long_office_household_pseudo_from_10view/annotation_independent.json,tum_rgbd_freiburg3_long_office_household_independent_reference,independent,1.0,0.391304,0.5625,0.0,0.0,0.0
results/benchmark_owlv2/variants/2d-only/tum_rgbd_freiburg3_long_office_household/views_10/scene_graph_labeled.json,tum_rgbd_freiburg3_long_office_household,10,9,50,206,8,0.888889,0.052978,0.694444,"clip,dinov2",2d-only,10,True,results/benchmark_owlv2/annotations/tum_rgbd_freiburg3_long_office_household_pseudo_from_10view/annotation_independent.json,tum_rgbd_freiburg3_long_office_household_independent_reference,independent,1.0,0.391304,0.5625,0.0,0.0,0.0
results/benchmark_owlv2/variants/geometry-only/tum_rgbd_freiburg1_room/views_03/scene_graph_labeled.json,tum_rgbd_freiburg1_room,3,14,98,30,7,0.5,0.047098,0.538462,"clip,dinov2",geometry-only,10,False,results/benchmark_owlv2/annotations/tum_rgbd_freiburg1_room_pseudo_from_10view/annotation_independent.json,tum_rgbd_freiburg1_room_independent_reference,independent,0.5,0.368421,0.424242,0.0,0.0,0.0
results/benchmark_owlv2/variants/geometry-only/tum_rgbd_freiburg1_room/views_05/scene_graph_labeled.json,tum_rgbd_freiburg1_room,5,16,106,44,9,0.5625,0.034525,0.441667,"clip,dinov2",geometry-only,10,False,results/benchmark_owlv2/annotations/tum_rgbd_freiburg1_room_pseudo_from_10view/annotation_independent.json,tum_rgbd_freiburg1_room_independent_reference,independent,0.5625,0.473684,0.514286,0.0,0.0,0.0
results/benchmark_owlv2/variants/geometry-only/tum_rgbd_freiburg1_room/views_08/scene_graph_labeled.json,tum_rgbd_freiburg1_room,8,16,104,70,12,0.75,0.03556,0.433333,"clip,dinov2",geometry-only,10,False,results/benchmark_owlv2/annotations/tum_rgbd_freiburg1_room_pseudo_from_10view/annotation_independent.json,tum_rgbd_freiburg1_room_independent_reference,independent,0.5,0.421053,0.457143,0.0,0.0,0.0
results/benchmark_owlv2/variants/geometry-only/tum_rgbd_freiburg1_room/views_10/scene_graph_labeled.json,tum_rgbd_freiburg1_room,10,17,120,87,12,0.705882,0.037099,0.441176,"clip,dinov2",geometry-only,10,True,results/benchmark_owlv2/annotations/tum_rgbd_freiburg1_room_pseudo_from_10view/annotation_independent.json,tum_rgbd_freiburg1_room_independent_reference,independent,0.470588,0.421053,0.444444,0.0,0.0,0.0
results/benchmark_owlv2/variants/geometry-only/tum_rgbd_freiburg1_desk/views_03/scene_graph_labeled.json,tum_rgbd_freiburg1_desk,3,8,44,20,5,0.625,0.079085,0.785714,"clip,dinov2",geometry-only,10,False,results/benchmark_owlv2/annotations/tum_rgbd_freiburg1_desk_pseudo_from_10view/annotation_independent.json,tum_rgbd_freiburg1_desk_independent_reference,independent,0.75,0.285714,0.413793,0.0,0.0,0.0
results/benchmark_owlv2/variants/geometry-only/tum_rgbd_freiburg1_desk/views_05/scene_graph_labeled.json,tum_rgbd_freiburg1_desk,5,15,106,39,6,0.4,0.065386,0.504762,"clip,dinov2",geometry-only,10,False,results/benchmark_owlv2/annotations/tum_rgbd_freiburg1_desk_pseudo_from_10view/annotation_independent.json,tum_rgbd_freiburg1_desk_independent_reference,independent,0.6,0.428571,0.5,0.0,0.0,0.0
results/benchmark_owlv2/variants/geometry-only/tum_rgbd_freiburg1_desk/views_08/scene_graph_labeled.json,tum_rgbd_freiburg1_desk,8,22,158,72,12,0.545455,0.055797,0.341991,"clip,dinov2",geometry-only,10,False,results/benchmark_owlv2/annotations/tum_rgbd_freiburg1_desk_pseudo_from_10view/annotation_independent.json,tum_rgbd_freiburg1_desk_independent_reference,independent,0.590909,0.619048,0.604651,0.0,0.0,0.0
results/benchmark_owlv2/variants/geometry-only/tum_rgbd_freiburg1_desk/views_10/scene_graph_labeled.json,tum_rgbd_freiburg1_desk,10,24,160,94,13,0.541667,0.064564,0.289855,"clip,dinov2",geometry-only,10,True,results/benchmark_owlv2/annotations/tum_rgbd_freiburg1_desk_pseudo_from_10view/annotation_independent.json,tum_rgbd_freiburg1_desk_independent_reference,independent,0.541667,0.619048,0.577778,0.0,0.0,0.0
results/benchmark_owlv2/variants/geometry-only/tum_rgbd_freiburg1_desk2/views_03/scene_graph_labeled.json,tum_rgbd_freiburg1_desk2,3,14,126,28,8,0.571429,0.046884,0.692308,"clip,dinov2",geometry-only,10,False,results/benchmark_owlv2/annotations/tum_rgbd_freiburg1_desk2_pseudo_from_10view/annotation_independent.json,tum_rgbd_freiburg1_desk2_independent_reference,independent,0.857143,0.444444,0.585366,0.0,0.0,0.0
results/benchmark_owlv2/variants/geometry-only/tum_rgbd_freiburg1_desk2/views_05/scene_graph_labeled.json,tum_rgbd_freiburg1_desk2,5,17,138,46,11,0.647059,0.043789,0.507353,"clip,dinov2",geometry-only,10,False,results/benchmark_owlv2/annotations/tum_rgbd_freiburg1_desk2_pseudo_from_10view/annotation_independent.json,tum_rgbd_freiburg1_desk2_independent_reference,independent,0.705882,0.444444,0.545455,0.0,0.0,0.0
results/benchmark_owlv2/variants/geometry-only/tum_rgbd_freiburg1_desk2/views_08/scene_graph_labeled.json,tum_rgbd_freiburg1_desk2,8,33,248,77,15,0.454545,0.059909,0.234848,"clip,dinov2",geometry-only,10,False,results/benchmark_owlv2/annotations/tum_rgbd_freiburg1_desk2_pseudo_from_10view/annotation_independent.json,tum_rgbd_freiburg1_desk2_independent_reference,independent,0.575758,0.703704,0.633333,0.0,0.0,0.0
results/benchmark_owlv2/variants/geometry-only/tum_rgbd_freiburg1_desk2/views_10/scene_graph_labeled.json,tum_rgbd_freiburg1_desk2,10,33,232,89,17,0.515152,0.060317,0.219697,"clip,dinov2",geometry-only,10,True,results/benchmark_owlv2/annotations/tum_rgbd_freiburg1_desk2_pseudo_from_10view/annotation_independent.json,tum_rgbd_freiburg1_desk2_independent_reference,independent,0.545455,0.666667,0.6,0.0,0.0,0.0
results/benchmark_owlv2/variants/geometry-only/tum_rgbd_freiburg2_xyz/views_03/scene_graph_labeled.json,tum_rgbd_freiburg2_xyz,3,7,40,22,7,1.0,0.010905,0.952381,"clip,dinov2",geometry-only,10,False,results/benchmark_owlv2/annotations/tum_rgbd_freiburg2_xyz_pseudo_from_10view/annotation_independent.json,tum_rgbd_freiburg2_xyz_independent_reference,independent,0.714286,0.277778,0.4,0.0,0.0,0.0
results/benchmark_owlv2/variants/geometry-only/tum_rgbd_freiburg2_xyz/views_05/scene_graph_labeled.json,tum_rgbd_freiburg2_xyz,5,7,36,36,7,1.0,0.010092,0.857143,"clip,dinov2",geometry-only,10,False,results/benchmark_owlv2/annotations/tum_rgbd_freiburg2_xyz_pseudo_from_10view/annotation_independent.json,tum_rgbd_freiburg2_xyz_independent_reference,independent,0.714286,0.277778,0.4,0.0,0.0,0.0
results/benchmark_owlv2/variants/geometry-only/tum_rgbd_freiburg2_xyz/views_08/scene_graph_labeled.json,tum_rgbd_freiburg2_xyz,8,8,54,57,7,0.875,0.016609,0.964286,"clip,dinov2",geometry-only,10,False,results/benchmark_owlv2/annotations/tum_rgbd_freiburg2_xyz_pseudo_from_10view/annotation_independent.json,tum_rgbd_freiburg2_xyz_independent_reference,independent,0.625,0.277778,0.384615,0.0,0.0,0.0
results/benchmark_owlv2/variants/geometry-only/tum_rgbd_freiburg2_xyz/views_10/scene_graph_labeled.json,tum_rgbd_freiburg2_xyz,10,6,30,71,6,1.0,0.007563,1.0,"clip,dinov2",geometry-only,10,True,results/benchmark_owlv2/annotations/tum_rgbd_freiburg2_xyz_pseudo_from_10view/annotation_independent.json,tum_rgbd_freiburg2_xyz_independent_reference,independent,0.833333,0.277778,0.416667,0.0,0.0,0.0
results/benchmark_owlv2/variants/geometry-only/tum_rgbd_freiburg3_long_office_household/views_03/scene_graph_labeled.json,tum_rgbd_freiburg3_long_office_household,3,10,58,57,7,0.7,0.040889,0.644444,"clip,dinov2",geometry-only,10,False,results/benchmark_owlv2/annotations/tum_rgbd_freiburg3_long_office_household_pseudo_from_10view/annotation_independent.json,tum_rgbd_freiburg3_long_office_household_independent_reference,independent,0.7,0.304348,0.424242,0.0,0.0,0.0
results/benchmark_owlv2/variants/geometry-only/tum_rgbd_freiburg3_long_office_household/views_05/scene_graph_labeled.json,tum_rgbd_freiburg3_long_office_household,5,10,48,99,9,0.9,0.027545,0.533333,"clip,dinov2",geometry-only,10,False,results/benchmark_owlv2/annotations/tum_rgbd_freiburg3_long_office_household_pseudo_from_10view/annotation_independent.json,tum_rgbd_freiburg3_long_office_household_independent_reference,independent,0.7,0.304348,0.424242,0.0,0.0,0.0
results/benchmark_owlv2/variants/geometry-only/tum_rgbd_freiburg3_long_office_household/views_08/scene_graph_labeled.json,tum_rgbd_freiburg3_long_office_household,8,19,92,167,11,0.578947,0.114342,0.269006,"clip,dinov2",geometry-only,10,False,results/benchmark_owlv2/annotations/tum_rgbd_freiburg3_long_office_household_pseudo_from_10view/annotation_independent.json,tum_rgbd_freiburg3_long_office_household_independent_reference,independent,0.473684,0.391304,0.428571,0.0,0.0,0.0
results/benchmark_owlv2/variants/geometry-only/tum_rgbd_freiburg3_long_office_household/views_10/scene_graph_labeled.json,tum_rgbd_freiburg3_long_office_household,10,18,82,206,10,0.555556,0.117204,0.267974,"clip,dinov2",geometry-only,10,True,results/benchmark_owlv2/annotations/tum_rgbd_freiburg3_long_office_household_pseudo_from_10view/annotation_independent.json,tum_rgbd_freiburg3_long_office_household_independent_reference,independent,0.5,0.391304,0.439024,0.0,0.0,0.0
results/benchmark_owlv2/variants/semantic-lifting/tum_rgbd_freiburg1_room/views_03/scene_graph_labeled.json,tum_rgbd_freiburg1_room,3,30,608,30,0,0.0,0.058956,0.698851,"clip,dinov2",semantic-lifting,10,False,results/benchmark_owlv2/annotations/tum_rgbd_freiburg1_room_pseudo_from_10view/annotation_independent.json,tum_rgbd_freiburg1_room_independent_reference,independent,0.3,0.473684,0.367347,0.0,0.0,0.0
results/benchmark_owlv2/variants/semantic-lifting/tum_rgbd_freiburg1_room/views_05/scene_graph_labeled.json,tum_rgbd_freiburg1_room,5,44,1254,44,0,0.0,0.052745,0.662791,"clip,dinov2",semantic-lifting,10,False,results/benchmark_owlv2/annotations/tum_rgbd_freiburg1_room_pseudo_from_10view/annotation_independent.json,tum_rgbd_freiburg1_room_independent_reference,independent,0.227273,0.526316,0.31746,0.0,0.0,0.0
results/benchmark_owlv2/variants/semantic-lifting/tum_rgbd_freiburg1_room/views_08/scene_graph_labeled.json,tum_rgbd_freiburg1_room,8,70,3196,70,0,0.0,0.055613,0.661698,"clip,dinov2",semantic-lifting,10,False,results/benchmark_owlv2/annotations/tum_rgbd_freiburg1_room_pseudo_from_10view/annotation_independent.json,tum_rgbd_freiburg1_room_independent_reference,independent,0.142857,0.526316,0.224719,0.0,0.0,0.0
results/benchmark_owlv2/variants/semantic-lifting/tum_rgbd_freiburg1_room/views_10/scene_graph_labeled.json,tum_rgbd_freiburg1_room,10,87,4826,87,0,0.0,0.055693,0.645015,"clip,dinov2",semantic-lifting,10,True,results/benchmark_owlv2/annotations/tum_rgbd_freiburg1_room_pseudo_from_10view/annotation_independent.json,tum_rgbd_freiburg1_room_independent_reference,independent,0.114943,0.526316,0.188679,0.0,0.0,0.0
results/benchmark_owlv2/variants/semantic-lifting/tum_rgbd_freiburg1_desk/views_03/scene_graph_labeled.json,tum_rgbd_freiburg1_desk,3,20,316,20,0,0.0,0.073714,0.831579,"clip,dinov2",semantic-lifting,10,False,results/benchmark_owlv2/annotations/tum_rgbd_freiburg1_desk_pseudo_from_10view/annotation_independent.json,tum_rgbd_freiburg1_desk_independent_reference,independent,0.45,0.428571,0.439024,0.0,0.0,0.0
results/benchmark_owlv2/variants/semantic-lifting/tum_rgbd_freiburg1_desk/views_05/scene_graph_labeled.json,tum_rgbd_freiburg1_desk,5,39,1050,39,0,0.0,0.068853,0.708502,"clip,dinov2",semantic-lifting,10,False,results/benchmark_owlv2/annotations/tum_rgbd_freiburg1_desk_pseudo_from_10view/annotation_independent.json,tum_rgbd_freiburg1_desk_independent_reference,independent,0.282051,0.52381,0.366667,0.0,0.0,0.0
results/benchmark_owlv2/variants/semantic-lifting/tum_rgbd_freiburg1_desk/views_08/scene_graph_labeled.json,tum_rgbd_freiburg1_desk,8,72,2874,72,0,0.0,0.060355,0.562207,"clip,dinov2",semantic-lifting,10,False,results/benchmark_owlv2/annotations/tum_rgbd_freiburg1_desk_pseudo_from_10view/annotation_independent.json,tum_rgbd_freiburg1_desk_independent_reference,independent,0.208333,0.714286,0.322581,0.0,0.0,0.0
results/benchmark_owlv2/variants/semantic-lifting/tum_rgbd_freiburg1_desk/views_10/scene_graph_labeled.json,tum_rgbd_freiburg1_desk,10,94,4852,94,0,0.0,0.059399,0.555022,"clip,dinov2",semantic-lifting,10,True,results/benchmark_owlv2/annotations/tum_rgbd_freiburg1_desk_pseudo_from_10view/annotation_independent.json,tum_rgbd_freiburg1_desk_independent_reference,independent,0.159574,0.714286,0.26087,0.0,0.0,0.0
results/benchmark_owlv2/variants/semantic-lifting/tum_rgbd_freiburg1_desk2/views_03/scene_graph_labeled.json,tum_rgbd_freiburg1_desk2,3,28,570,28,0,0.0,0.065308,0.753968,"clip,dinov2",semantic-lifting,10,False,results/benchmark_owlv2/annotations/tum_rgbd_freiburg1_desk2_pseudo_from_10view/annotation_independent.json,tum_rgbd_freiburg1_desk2_independent_reference,independent,0.464286,0.481481,0.472727,0.0,0.0,0.0
results/benchmark_owlv2/variants/semantic-lifting/tum_rgbd_freiburg1_desk2/views_05/scene_graph_labeled.json,tum_rgbd_freiburg1_desk2,5,46,1378,46,0,0.0,0.071597,0.6657,"clip,dinov2",semantic-lifting,10,False,results/benchmark_owlv2/annotations/tum_rgbd_freiburg1_desk2_pseudo_from_10view/annotation_independent.json,tum_rgbd_freiburg1_desk2_independent_reference,independent,0.347826,0.592593,0.438356,0.0,0.0,0.0
results/benchmark_owlv2/variants/semantic-lifting/tum_rgbd_freiburg1_desk2/views_08/scene_graph_labeled.json,tum_rgbd_freiburg1_desk2,8,77,2412,77,0,0.0,0.06739,0.412167,"clip,dinov2",semantic-lifting,10,False,results/benchmark_owlv2/annotations/tum_rgbd_freiburg1_desk2_pseudo_from_10view/annotation_independent.json,tum_rgbd_freiburg1_desk2_independent_reference,independent,0.25974,0.740741,0.384615,0.0,0.0,0.0
results/benchmark_owlv2/variants/semantic-lifting/tum_rgbd_freiburg1_desk2/views_10/scene_graph_labeled.json,tum_rgbd_freiburg1_desk2,10,89,2928,89,0,0.0,0.065984,0.373851,"clip,dinov2",semantic-lifting,10,True,results/benchmark_owlv2/annotations/tum_rgbd_freiburg1_desk2_pseudo_from_10view/annotation_independent.json,tum_rgbd_freiburg1_desk2_independent_reference,independent,0.235955,0.777778,0.362069,0.0,0.0,0.0
results/benchmark_owlv2/variants/semantic-lifting/tum_rgbd_freiburg2_xyz/views_03/scene_graph_labeled.json,tum_rgbd_freiburg2_xyz,3,22,444,22,0,0.0,0.03199,0.961039,"clip,dinov2",semantic-lifting,10,False,results/benchmark_owlv2/annotations/tum_rgbd_freiburg2_xyz_pseudo_from_10view/annotation_independent.json,tum_rgbd_freiburg2_xyz_independent_reference,independent,0.363636,0.444444,0.4,0.0,0.0,0.0
results/benchmark_owlv2/variants/semantic-lifting/tum_rgbd_freiburg2_xyz/views_05/scene_graph_labeled.json,tum_rgbd_freiburg2_xyz,5,36,1200,36,0,0.0,0.035228,0.952381,"clip,dinov2",semantic-lifting,10,False,results/benchmark_owlv2/annotations/tum_rgbd_freiburg2_xyz_pseudo_from_10view/annotation_independent.json,tum_rgbd_freiburg2_xyz_independent_reference,independent,0.222222,0.444444,0.296296,0.0,0.0,0.0
results/benchmark_owlv2/variants/semantic-lifting/tum_rgbd_freiburg2_xyz/views_08/scene_graph_labeled.json,tum_rgbd_freiburg2_xyz,8,57,3168,57,0,0.0,0.029477,0.992481,"clip,dinov2",semantic-lifting,10,False,results/benchmark_owlv2/annotations/tum_rgbd_freiburg2_xyz_pseudo_from_10view/annotation_independent.json,tum_rgbd_freiburg2_xyz_independent_reference,independent,0.140351,0.444444,0.213333,0.0,0.0,0.0
results/benchmark_owlv2/variants/semantic-lifting/tum_rgbd_freiburg2_xyz/views_10/scene_graph_labeled.json,tum_rgbd_freiburg2_xyz,10,71,4970,71,0,0.0,0.026632,1.0,"clip,dinov2",semantic-lifting,10,True,results/benchmark_owlv2/annotations/tum_rgbd_freiburg2_xyz_pseudo_from_10view/annotation_independent.json,tum_rgbd_freiburg2_xyz_independent_reference,independent,0.112676,0.444444,0.179775,0.0,0.0,0.0
results/benchmark_owlv2/variants/semantic-lifting/tum_rgbd_freiburg3_long_office_household/views_03/scene_graph_labeled.json,tum_rgbd_freiburg3_long_office_household,3,57,2918,57,0,0.0,0.039762,0.91416,"clip,dinov2",semantic-lifting,10,False,results/benchmark_owlv2/annotations/tum_rgbd_freiburg3_long_office_household_pseudo_from_10view/annotation_independent.json,tum_rgbd_freiburg3_long_office_household_independent_reference,independent,0.280702,0.695652,0.4,0.0,0.0,0.0
results/benchmark_owlv2/variants/semantic-lifting/tum_rgbd_freiburg3_long_office_household/views_05/scene_graph_labeled.json,tum_rgbd_freiburg3_long_office_household,5,99,8164,99,0,0.0,0.041948,0.841476,"clip,dinov2",semantic-lifting,10,False,results/benchmark_owlv2/annotations/tum_rgbd_freiburg3_long_office_household_pseudo_from_10view/annotation_independent.json,tum_rgbd_freiburg3_long_office_household_independent_reference,independent,0.171717,0.73913,0.278689,0.0,0.0,0.0
results/benchmark_owlv2/variants/semantic-lifting/tum_rgbd_freiburg3_long_office_household/views_08/scene_graph_labeled.json,tum_rgbd_freiburg3_long_office_household,8,167,21664,167,0,0.0,0.051578,0.781473,"clip,dinov2",semantic-lifting,10,False,results/benchmark_owlv2/annotations/tum_rgbd_freiburg3_long_office_household_pseudo_from_10view/annotation_independent.json,tum_rgbd_freiburg3_long_office_household_independent_reference,independent,0.113772,0.826087,0.2,0.0,0.0,0.0
results/benchmark_owlv2/variants/semantic-lifting/tum_rgbd_freiburg3_long_office_household/views_10/scene_graph_labeled.json,tum_rgbd_freiburg3_long_office_household,10,206,34408,206,0,0.0,0.049461,0.814776,"clip,dinov2",semantic-lifting,10,True,results/benchmark_owlv2/annotations/tum_rgbd_freiburg3_long_office_household_pseudo_from_10view/annotation_independent.json,tum_rgbd_freiburg3_long_office_household_independent_reference,independent,0.092233,0.826087,0.165939,0.0,0.0,0.0
